Group_id,Time(ms),AccelX,AccelY,AccelZ,GyroX,GyroY,GyroZ
1,1714126976260,-3.18,0.43,10.53,0.20,-0.36,0.11
1,1714126976364,-3.47,0.36,11.13,0.25,-0.64,0.24
1,1714126976467,-2.68,0.36,11.91,0.61,-0.83,0.75
1,1714126976570,-2.41,0.19,9.95,0.69,-2.02,1.46
1,1714126976671,1.13,1.48,10.39,-0.13,0.01,0.47
1,1714126976773,1.18,1.60,10.72,-0.07,0.03,0.05
1,1714126976876,0.14,1.15,11.09,-0.08,-0.07,0.09
1,1714126976979,0.17,0.80,11.15,0.15,0.19,0.01
1,1714126977082,0.36,0.79,10.34,0.13,0.10,0.00
1,1714126977184,-0.41,1.15,12.26,-0.11,0.19,-0.05
1,1714126977288,1.04,0.96,10.37,0.35,-0.17,0.14
1,1714126977392,-0.48,1.09,10.81,0.29,-0.19,0.02
1,1714126977495,1.38,1.23,10.30,0.20,-0.35,-0.08
1,1714126977598,0.68,0.55,11.11,0.19,0.10,-0.18
1,1714126977706,1.13,0.42,10.91,0.21,0.23,-0.21
1,1714126977809,0.91,0.08,10.65,0.17,-0.02,-0.35
1,1714126977912,0.61,-0.03,10.50,0.11,0.13,-0.98
1,1714126978015,-0.36,1.11,11.14,-0.12,0.21,-0.59
2,1714126981121,1.68,0.92,10.32,-0.15,-0.22,-0.54
2,1714126981223,0.04,0.83,11.06,-0.07,0.13,-0.46
2,1714126981325,-0.43,0.71,11.10,-0.08,0.33,-0.51
2,1714126981427,-0.32,1.00,11.07,-0.16,0.02,-0.28
2,1714126981530,-0.34,0.32,10.41,0.16,0.44,-0.19
2,1714126981633,0.19,-0.69,10.48,0.20,-0.08,-0.09
2,1714126981737,0.35,-0.91,11.00,0.20,0.14,-0.16
2,1714126981839,-0.40,-0.77,11.19,0.13,0.04,-0.12
2,1714126981942,-0.70,-0.23,10.69,0.22,-0.06,0.01
2,1714126982045,-0.65,-0.40,10.71,0.23,-0.16,0.01
2,1714126982148,-0.71,-0.53,11.39,0.21,0.03,-0.10
2,1714126982250,0.60,-0.26,12.34,0.18,0.23,-0.20
2,1714126982353,2.77,-0.01,13.46,1.20,-0.62,0.99
2,1714126982456,2.59,1.31,7.45,-0.73,0.31,0.14
2,1714126982559,-1.73,-0.96,10.47,0.22,-0.02,-0.04
2,1714126982662,-1.66,-1.04,10.58,0.21,0.05,0.01
2,1714126982765,-2.19,-1.02,10.67,0.16,-0.06,0.03
2,1714126982868,-2.08,-0.94,10.59,0.21,0.01,0.06
2,1714126982971,-1.86,-1.00,10.67,0.16,-0.06,0.02
2,1714126983073,-2.41,-0.71,10.56,0.21,0.02,0.04
3,1714126986180,-1.04,-0.92,11.22,0.40,0.28,-0.03
3,1714126986283,-3.16,-0.10,11.50,0.31,0.21,0.13
3,1714126986387,1.23,0.60,9.49,-0.39,0.38,-0.16
3,1714126986490,-1.51,-0.94,10.48,0.20,0.00,-0.00
3,1714126986591,-1.96,-0.96,10.63,0.26,0.06,-0.02
3,1714126986693,-2.11,-0.25,11.98,0.12,-0.15,0.09
3,1714126987358,0.13,2.00,9.75,-0.48,0.22,-0.14
3,1714126988173,-0.77,-0.20,10.47,0.44,0.38,-0.06
4,1714126991277,-1.64,-1.30,10.70,0.24,0.07,-0.03
4,1714126991381,-1.75,-1.37,10.48,0.28,0.10,-0.02
4,1714126991483,-2.10,-1.30,10.21,0.20,0.04,0.00
4,1714126991586,-1.92,-1.36,10.17,0.22,0.14,-0.03
4,1714126991689,-2.08,-1.18,10.69,0.26,0.07,-0.07
4,1714126991792,-2.01,-1.00,10.42,0.25,0.11,-0.03
4,1714126991895,-0.43,-1.53,11.62,0.31,0.16,-0.11
4,1714126991998,-4.00,0.31,13.29,0.26,0.55,0.23
4,1714126992354,1.40,1.16,9.13,-0.27,0.35,-0.09
4,1714126992457,0.00,1.11,9.77,-0.30,0.43,-0.06
4,1714126992560,0.62,0.92,9.79,-0.41,0.47,-0.10
4,1714126992662,0.21,0.72,10.05,-0.43,0.48,-0.03
4,1714126993019,-1.54,0.27,11.09,0.48,0.51,-0.18
4,1714126993145,-1.01,-1.33,10.76,0.33,0.07,-0.06
4,1714126993248,-0.63,-1.85,10.21,0.15,-0.06,-0.01
5,1714126996353,-1.32,-1.27,10.31,0.27,-0.07,-0.10
5,1714126996455,-1.14,-1.57,10.57,0.19,0.07,0.01
5,1714126996559,-1.24,-1.40,10.39,0.21,-0.00,-0.02
5,1714126996661,-1.80,-1.44,10.58,0.22,-0.01,0.05
5,1714126996764,-1.30,-1.45,10.80,0.20,-0.03,0.00
5,1714126996867,-1.04,-1.70,11.45,0.26,0.11,-0.02
5,1714126996970,-1.32,-1.62,11.20,0.37,0.11,0.03
5,1714126997072,-2.72,-1.07,11.67,0.29,0.29,0.10
5,1714126997175,-0.34,-0.67,11.85,0.75,-0.27,0.21
5,1714126997279,-1.09,-0.30,11.61,0.77,-0.35,0.14
5,1714126997382,-0.97,-0.23,11.84,0.75,-0.44,0.09
5,1714126997598,0.81,0.84,9.30,-0.17,0.31,0.02
5,1714126997700,-0.36,0.19,9.32,-0.24,0.30,-0.02
5,1714126997803,0.92,0.58,9.59,-0.28,0.29,-0.16
5,1714126997906,-0.20,0.31,10.11,-0.35,0.64,-0.04
5,1714126998290,-0.79,-0.72,10.44,0.35,0.30,-0.04
6,1714127001396,-1.11,-0.95,10.64,0.31,0.02,0.02
6,1714127001500,-0.27,-1.41,10.00,0.09,0.20,-0.05
6,1714127001603,-1.20,-1.27,10.25,0.27,0.25,-0.07
6,1714127001706,-1.52,-1.09,10.90,0.21,0.12,-0.02
6,1714127001809,-1.46,-1.06,10.89,0.20,0.20,-0.04
6,1714127001913,-1.26,-1.30,10.42,0.21,0.10,-0.06
6,1714127002015,-1.43,-1.20,10.59,0.23,0.10,-0.06
6,1714127002118,-1.29,-1.13,10.71,0.25,0.10,-0.03
6,1714127002222,-1.75,-0.93,10.70,0.20,0.07,-0.01
6,1714127002325,-1.88,-1.04,10.75,0.18,-0.01,-0.01
6,1714127002428,-0.88,-1.06,11.97,0.32,0.00,-0.08
6,1714127002531,-1.00,-0.12,12.29,1.22,-0.35,0.10
6,1714127002634,1.13,0.75,8.05,-0.86,-0.11,-0.02
6,1714127003402,-1.27,-1.41,10.57,0.28,0.01,-0.03
7,1714127006509,-1.58,-1.45,10.39,0.36,0.12,-0.03
7,1714127006610,-1.98,-1.12,10.66,0.21,0.04,-0.01
7,1714127006715,-1.71,-1.27,10.33,0.23,0.05,-0.04
7,1714127006817,-1.88,-1.28,10.65,0.23,0.01,0.01
7,1714127006920,-3.47,-0.77,11.31,0.52,0.68,0.16
7,1714127008580,-2.16,-0.81,10.48,0.16,0.02,0.00
8,1714127011686,-2.02,-0.96,10.51,0.18,0.01,-0.01
8,1714127011789,-2.19,-0.86,10.42,0.16,-0.02,-0.00
8,1714127011892,-2.39,-0.93,10.43,0.16,0.00,-0.02
8,1714127011995,-2.14,-1.02,10.41,0.21,-0.00,-0.04
8,1714127012098,-1.87,-1.01,11.30,0.21,-0.08,-0.05
8,1714127012201,-2.48,-0.34,11.51,0.16,-0.07,0.05
8,1714127012303,-1.52,-1.04,13.61,1.52,-1.20,0.18
8,1714127012833,0.25,1.34,7.93,-0.86,0.36,-0.34
8,1714127013758,-2.07,-0.73,10.34,0.24,0.04,-0.03
9,1714127016864,-2.23,-0.61,10.51,0.23,0.02,-0.02
9,1714127017160,-2.04,-0.45,11.47,0.15,0.03,-0.03
9,1714127017405,-2.20,-0.04,12.95,1.18,-0.70,0.43
9,1714127017508,-2.10,0.44,11.36,1.11,-0.56,0.57
9,1714127017612,-2.17,0.12,9.81,1.19,-0.64,0.47
9,1714127018109,0.37,1.86,9.17,-0.97,0.53,-0.12
9,1714127019033,-1.72,-1.60,10.31,0.26,0.04,-0.01
10,1714127022453,-2.37,-1.05,10.57,0.14,0.01,0.02
10,1714127022557,-1.98,-1.13,11.63,0.08,-0.12,-0.02
10,1714127022659,-2.44,-0.98,11.48,0.22,0.19,0.04
10,1714127022762,-3.45,-0.11,13.45,0.43,-0.42,0.76
11,1714127028430,-1.66,-1.19,11.88,0.07,0.16,0.02
11,1714127030210,-1.92,-0.96,10.46,0.21,0.07,-0.01
12,1714127033605,-1.11,-0.65,11.40,0.20,0.09,0.06
12,1714127033871,-1.68,-0.21,11.79,1.07,-0.75,0.27
12,1714127034416,1.11,0.32,8.03,-0.35,0.67,-0.18
12,1714127035116,-2.08,-0.83,10.67,0.27,0.09,-0.01
12,1714127035260,-2.06,-0.78,10.44,0.23,0.04,-0.02
13,1714127038598,-1.45,-0.66,10.88,0.32,0.25,-0.11
13,1714127038701,-3.39,0.03,11.44,0.21,0.42,0.13
13,1714127039419,-0.60,2.17,8.62,-0.74,0.42,-0.23
13,1714127040314,-1.87,-1.02,10.57,0.26,0.09,-0.02
14,1714127043419,-1.95,-0.96,10.46,0.26,0.09,-0.03
14,1714127043519,-1.95,-1.03,10.36,0.27,0.10,-0.03
14,1714127043670,-1.41,-0.74,11.06,0.16,0.34,-0.05
14,1714127043773,-1.30,-0.46,12.82,0.11,0.29,0.01
14,1714127043891,-2.09,-0.17,12.26,1.13,-0.81,0.37
14,1714127045270,-2.00,-2.24,10.30,0.14,0.02,-0.02
15,1714127049795,-1.24,-2.11,11.05,0.14,0.09,-0.05
15,1714127049898,-1.24,-2.20,11.87,0.10,0.25,0.05
15,1714127050692,1.73,0.77,9.22,-0.23,0.17,0.00
15,1714127050794,0.62,0.13,9.45,-0.26,0.52,0.01
15,1714127051702,-1.48,-2.98,10.25,0.18,-0.07,-0.01
16,1714127054808,-1.60,-2.92,10.12,0.25,0.06,-0.02
16,1714127055103,-0.85,-2.30,10.68,0.09,0.10,-0.01
16,1714127055378,-2.14,-1.28,11.71,0.64,-0.44,0.16
16,1714127055480,-1.18,-1.53,11.34,0.58,-0.58,0.07
16,1714127055583,-0.83,-1.47,11.20,0.66,-0.60,-0.01
16,1714127056979,-0.67,-2.76,10.52,0.29,0.17,0.02
17,1714127060084,-1.06,-2.68,10.35,0.28,0.15,-0.02
17,1714127060187,-1.25,-2.57,10.28,0.25,0.06,-0.03
17,1714127060291,-1.80,-2.33,10.70,0.24,0.05,0.02
17,1714127060393,-1.53,-2.41,10.44,0.23,0.07,-0.02
17,1714127060496,-0.42,-2.21,11.32,0.26,0.01,-0.15
17,1714127061372,1.58,0.93,8.26,-0.22,0.46,-0.06
17,1714127061475,1.38,0.87,9.27,-0.41,0.23,-0.12
17,1714127061578,1.40,0.61,9.40,-0.51,0.44,-0.07
17,1714127062347,-2.40,-2.80,11.42,0.25,-0.08,-0.33
18,1714127065454,-0.67,-2.77,10.08,0.19,-0.12,-0.12
18,1714127065555,-1.07,-2.38,10.30,0.17,-0.09,-0.10
18,1714127065659,-0.62,-2.63,10.06,0.23,-0.02,-0.19
18,1714127065762,-1.26,-2.66,10.30,0.07,0.07,-0.19
18,1714127065865,-0.21,-3.14,10.12,0.08,0.20,-0.33
18,1714127065968,-1.11,-2.97,10.63,-0.00,0.12,-0.32
18,1714127066069,-1.58,-2.61,10.24,-0.08,-0.01,-0.36
18,1714127066170,-0.43,-3.47,10.30,-0.14,-0.12,-0.58
18,1714127066274,-0.91,-3.32,10.15,-0.20,-0.01,-0.53
18,1714127066376,-0.96,-4.23,9.90,0.09,0.09,-0.37
18,1714127066480,-0.80,-4.30,9.80,0.11,0.04,-0.29
18,1714127066582,-0.47,-4.59,9.72,0.08,-0.02,-0.22
18,1714127066685,-0.48,-4.64,9.72,0.14,-0.01,-0.15
18,1714127066788,-0.50,-4.65,9.61,0.36,0.03,0.16
18,1714127066895,0.39,-4.00,9.84,0.41,-0.00,0.18
18,1714127066998,-0.69,-4.19,9.76,0.51,-0.06,0.32
18,1714127067102,-0.63,-3.43,10.30,0.50,-0.14,0.32
18,1714127067204,-0.23,-3.16,10.30,0.47,-0.17,0.30
18,1714127067307,-0.93,-3.28,10.11,0.49,0.04,0.33
18,1714127067411,-0.02,-2.55,10.29,0.46,0.03,0.28
19,1714127070517,-0.82,-2.65,10.35,0.41,0.07,0.31
19,1714127070620,-0.29,-2.50,10.19,0.39,0.03,0.29
19,1714127070722,-0.65,-2.17,10.33,0.35,0.08,0.16
19,1714127070825,-1.09,-2.38,10.44,0.33,0.06,0.17
19,1714127070928,-0.97,-2.32,10.34,0.35,0.03,0.14
19,1714127071030,-1.15,-2.20,10.48,0.36,0.06,0.12
19,1714127071133,-1.05,-2.00,10.73,0.35,0.08,0.08
19,1714127071236,-1.14,-1.92,10.64,0.31,0.05,0.09
19,1714127071339,-1.22,-2.05,10.58,0.26,0.06,0.02
19,1714127071442,-1.57,-1.46,10.24,0.18,0.09,0.05
19,1714127071545,-1.69,-1.44,10.53,0.21,0.01,-0.00
19,1714127071648,-1.92,-1.45,10.70,0.16,0.05,0.03
19,1714127071751,-0.94,-1.30,11.80,0.24,-0.05,-0.03
19,1714127071854,-2.35,-0.95,11.28,0.18,-0.01,0.14
19,1714127071957,0.43,1.57,9.18,-0.51,0.54,0.04
19,1714127072059,-0.83,-1.41,10.58,0.29,0.01,-0.05
19,1714127072163,-0.96,-1.12,10.55,0.23,0.07,-0.03
19,1714127072265,-0.38,-1.95,9.65,0.10,-0.01,-0.01
19,1714127072368,-1.01,-1.14,10.54,0.24,0.01,0.05
19,1714127072471,-1.38,-1.08,10.58,0.23,0.03,-0.06
20,1714127075576,-1.57,-1.13,12.02,0.42,0.01,-0.06
20,1714127075679,-1.84,-2.13,12.33,-0.24,0.09,-0.06
20,1714127075782,0.52,-1.05,11.96,0.92,-1.07,0.28
20,1714127075885,2.63,1.12,8.24,-0.48,0.42,0.09
20,1714127075988,-0.94,-1.40,10.68,0.38,0.13,0.00
20,1714127076089,-1.20,-1.10,10.79,0.36,0.07,0.03
20,1714127076192,-0.94,-1.13,10.51,0.28,0.08,0.05
20,1714127076295,-1.23,-1.01,10.74,0.33,0.21,0.02
20,1714127076398,-1.34,-0.95,10.29,0.24,0.10,-0.01
20,1714127076500,-2.49,-0.61,10.66,0.16,0.41,-0.15
20,1714127076603,-1.74,-0.86,10.85,0.11,0.05,-0.15
20,1714127076706,-2.35,-0.74,10.48,0.09,0.15,-0.06
20,1714127076809,-2.10,-0.79,10.81,0.20,0.10,0.00
20,1714127076911,-1.42,-1.51,10.60,0.18,-0.01,0.01
20,1714127077013,-1.79,-1.07,10.55,0.22,0.08,0.00
20,1714127077115,-1.77,-1.27,10.56,0.21,0.04,0.03
20,1714127077217,-2.31,-0.88,10.53,0.18,0.07,0.08
20,1714127077318,-1.91,-0.91,10.61,0.19,0.04,-0.05
20,1714127077419,-2.29,-1.05,10.51,0.22,0.10,-0.03
20,1714127077520,-2.01,-1.13,10.55,0.18,-0.02,-0.04
21,1714127080626,-2.34,-1.06,11.91,0.21,-0.13,0.04
21,1714127080728,-2.00,-2.23,11.63,-0.13,-0.38,0.06
21,1714127080830,1.36,1.96,9.24,-0.45,0.53,-0.08
21,1714127080934,-0.93,-0.67,10.38,0.42,0.13,-0.06
21,1714127081037,-1.10,-0.81,10.73,0.27,0.05,-0.07
21,1714127081140,-1.45,-0.92,10.73,0.19,0.05,-0.01
21,1714127081243,-1.24,-1.04,10.54,0.24,0.10,0.02
21,1714127081346,-1.55,-0.75,10.59,0.24,0.08,-0.02
21,1714127081449,-1.71,-0.51,10.48,0.23,0.00,0.03
21,1714127081553,-2.01,-0.75,10.52,0.18,0.04,-0.05
21,1714127081656,-1.98,-0.97,10.67,0.19,0.01,-0.03
21,1714127081758,-0.73,-1.22,11.37,0.20,-0.08,-0.10
21,1714127081861,-3.37,0.02,11.31,0.11,-0.06,-0.03
21,1714127081964,-0.12,-0.56,12.22,0.76,-1.16,0.59
21,1714127082067,0.79,1.64,9.32,-0.53,0.32,0.10
21,1714127082906,-1.44,-1.22,10.73,0.43,0.19,-0.07
22,1714127086012,-1.45,-1.30,10.51,0.28,0.14,-0.06
22,1714127086115,-1.65,-0.97,10.65,0.28,0.11,-0.06
22,1714127086218,-1.72,-1.03,10.66,0.22,0.02,-0.01
22,1714127086321,-1.79,-1.05,10.61,0.22,0.03,-0.07
22,1714127086424,-1.84,-1.00,10.70,0.18,-0.03,-0.02
22,1714127086526,-1.14,-1.12,12.31,0.19,-0.03,0.06
22,1714127086639,-0.51,-0.06,11.18,1.22,-0.95,0.22
22,1714127087300,0.95,3.39,7.62,-0.36,0.30,-0.09
22,1714127087405,1.33,2.27,8.32,-0.72,0.02,-0.08
22,1714127088231,-1.53,-0.85,11.09,0.42,0.13,-0.05
23,1714127091337,-0.59,-1.06,10.37,0.14,-0.11,-0.01
23,1714127091439,-1.55,-0.70,10.65,0.24,0.04,-0.02
23,1714127091542,-1.71,-0.88,10.62,0.16,0.02,-0.01
23,1714127091645,-1.63,-0.88,10.51,0.20,0.02,-0.02
23,1714127091747,-1.69,-0.84,10.68,0.31,0.10,0.03
23,1714127091851,-1.91,-0.76,10.56,0.29,0.18,-0.02
23,1714127091954,-2.43,-0.44,10.29,0.21,0.10,-0.03
23,1714127092057,-1.07,-1.08,10.86,0.10,-0.10,-0.02
23,1714127092160,-1.57,-1.12,10.03,0.16,0.03,-0.06
23,1714127092263,-0.96,-0.99,11.35,0.24,0.44,-0.02
23,1714127092365,-1.58,-0.51,11.20,0.92,-0.56,0.31
23,1714127092637,0.54,1.16,9.30,-0.43,0.61,-0.13
23,1714127092739,0.04,1.07,9.41,-0.48,0.67,-0.08
23,1714127093692,-2.14,-1.28,10.26,0.26,-0.04,-0.00
24,1714127097147,-3.39,-0.61,11.53,0.13,-0.03,-0.02
24,1714127098111,2.01,1.54,8.88,-0.38,0.16,-0.06
24,1714127098214,1.11,1.19,9.60,-0.43,0.34,-0.02
24,1714127098988,-0.89,-2.18,10.77,0.19,0.03,-0.05
25,1714127102094,-0.96,-2.38,10.40,0.18,0.04,-0.05
25,1714127102197,-0.95,-2.40,10.30,0.21,0.10,-0.09
25,1714127102428,-1.51,-2.29,11.59,0.10,-0.05,0.00
25,1714127102531,-0.74,-2.36,10.33,0.14,0.20,0.15
25,1714127102633,-2.21,-2.41,11.96,0.18,0.26,0.18
25,1714127102737,-2.41,-1.63,12.37,0.93,-0.25,0.36
25,1714127102840,-1.00,-1.72,11.40,0.89,-0.53,0.17
25,1714127103390,1.51,0.03,9.44,-0.25,0.16,-0.01
25,1714127103493,0.52,-0.26,9.81,-0.28,0.32,0.02
25,1714127104090,-0.80,-3.77,11.46,0.37,-0.21,0.00
26,1714127107197,-1.69,-2.47,10.32,0.19,0.02,-0.01
26,1714127107533,-1.40,-2.68,11.44,0.12,0.05,-0.01
26,1714127107808,-2.03,-2.07,11.26,0.99,-0.57,0.04
26,1714127108583,0.85,-0.06,9.36,-0.42,0.24,0.03
26,1714127109463,-1.55,-2.58,10.30,0.20,-0.01,-0.00
27,1714127112569,-1.54,-2.64,10.21,0.18,0.01,-0.01
27,1714127112671,-1.59,-2.40,10.23,0.18,-0.01,-0.01
27,1714127112899,-1.60,-2.36,11.60,0.17,0.13,0.06
27,1714127113135,-2.49,-1.62,12.37,1.19,-0.43,0.14
27,1714127113878,0.75,1.61,8.39,-0.46,0.40,0.03
27,1714127113980,0.06,1.12,9.09,-0.58,0.44,0.02
27,1714127114855,-1.67,-1.83,10.38,0.26,-0.01,0.08
28,1714127117963,-1.72,-1.88,10.33,0.24,-0.01,0.08
28,1714127118065,-2.11,-1.72,10.49,0.28,0.03,0.04
28,1714127118168,-2.15,-1.32,10.42,0.35,0.16,0.14
28,1714127118271,-2.32,-1.14,10.34,0.33,0.11,0.12
28,1714127118374,-2.20,-1.16,10.47,0.29,0.05,0.05
28,1714127118475,-2.35,-1.18,10.39,0.29,0.09,0.06
28,1714127118578,-2.66,-1.01,9.77,0.31,0.13,-0.06
28,1714127118681,-2.48,-0.40,10.05,0.25,0.04,-0.04
28,1714127118784,-2.60,-1.05,10.35,0.05,-0.02,-0.08
28,1714127118886,-2.42,-1.21,11.09,-0.06,-0.13,0.02
28,1714127118989,-1.99,-0.17,12.15,0.90,-0.62,0.24
28,1714127119430,0.39,1.79,8.91,-0.71,0.13,-0.02
28,1714127120308,-1.89,-1.30,10.33,0.35,0.06,0.03
29,1714127123413,-1.89,-1.22,10.39,0.30,0.04,0.04
29,1714127123516,-1.97,-1.02,10.40,0.34,0.11,0.03
29,1714127123619,-2.17,-0.85,10.41,0.33,0.06,0.01
29,1714127123722,-2.51,-0.61,10.41,0.22,0.04,0.02
29,1714127123825,-2.56,-0.85,11.18,0.12,0.01,-0.00
29,1714127123928,-2.34,-0.69,11.24,0.05,-0.05,0.05
29,1714127124073,-1.36,-0.30,12.27,0.79,-0.70,0.25
29,1714127124801,0.99,1.48,8.66,-0.49,0.41,-0.18
29,1714127125541,-3.61,0.71,9.90,0.71,0.66,0.04
30,1714127128645,-2.24,-1.16,10.10,0.29,0.21,-0.04
30,1714127128746,-2.01,-1.22,10.56,0.26,0.06,0.02
30,1714127128848,-2.20,-1.09,10.42,0.19,0.04,-0.02
30,1714127128949,-2.66,-0.76,10.44,0.23,0.03,0.04
30,1714127129050,-2.90,-0.58,10.37,0.20,0.08,0.03
30,1714127129153,-2.68,-0.69,10.35,0.19,0.02,0.07
30,1714127129289,-4.82,0.57,11.03,-0.01,-0.03,0.02
30,1714127130155,0.65,2.88,8.33,-0.46,0.61,-0.09
31,1714127134369,-2.37,-0.67,10.48,0.27,0.14,0.04
31,1714127134471,-2.41,-0.74,10.38,0.23,0.04,0.01
31,1714127134574,-2.51,-0.68,10.46,0.22,0.03,0.02
31,1714127134677,-2.50,-0.62,10.58,0.20,0.02,0.03
31,1714127134780,-2.49,-0.64,10.45,0.19,0.01,-0.02
31,1714127134883,-2.80,-0.50,10.38,0.16,-0.02,-0.02
31,1714127134986,-2.76,-0.67,10.31,0.18,-0.03,-0.06
31,1714127135089,-2.72,-0.76,10.43,0.18,-0.06,-0.04
31,1714127135191,-1.17,-0.91,11.21,0.25,0.16,-0.10
31,1714127135696,0.32,2.20,9.07,-0.70,0.26,-0.04
31,1714127136760,-1.98,-1.33,10.39,0.25,0.12,-0.02
32,1714127139863,-2.18,-1.08,10.53,0.22,0.04,-0.01
32,1714127140220,-2.03,-0.80,12.05,-0.04,-0.12,0.03
32,1714127140455,-2.38,-0.72,12.63,1.20,0.07,0.48
32,1714127140558,-2.61,-0.44,12.06,1.12,-0.74,0.38
32,1714127141231,1.27,1.84,8.49,-0.44,0.63,-0.06
32,1714127141334,0.88,1.84,8.54,-0.57,0.60,-0.08
32,1714127142283,-1.98,-1.79,10.41,0.25,0.03,0.00
33,1714127145798,-1.76,-1.43,11.28,0.07,-0.08,-0.03
33,1714127146855,2.43,1.60,8.66,-0.39,0.39,-0.08
34,1714127151069,-1.67,-2.10,10.31,0.28,0.05,-0.02
34,1714127151281,-1.70,-1.79,10.14,0.13,0.07,0.00
34,1714127151384,-1.85,-1.74,12.44,0.11,0.10,0.05
34,1714127151560,-1.68,-0.71,11.75,1.17,-0.51,0.17
34,1714127152206,0.28,2.30,9.42,-0.48,0.16,-0.03
34,1714127152309,0.25,1.51,9.32,-0.57,0.31,0.02
34,1714127153133,-1.17,-2.08,10.68,0.19,-0.07,-0.01
35,1714127156240,-1.58,-1.68,10.46,0.33,-0.02,-0.05
35,1714127156343,-1.58,-1.60,10.38,0.35,0.00,-0.04
35,1714127156446,-2.01,-0.74,10.53,0.28,0.08,0.01
35,1714127156549,-2.21,-0.93,10.57,0.29,0.12,0.01
35,1714127156651,-2.18,-0.58,10.26,0.27,-0.02,-0.01
35,1714127156755,-2.20,-0.44,10.60,0.23,0.01,0.02
35,1714127156857,-0.73,-0.97,11.67,0.26,0.13,-0.17
35,1714127157757,1.55,1.83,9.38,-0.50,0.16,0.05
35,1714127158601,-2.64,0.86,10.10,0.54,0.58,0.13
36,1714127161706,-1.46,-1.15,10.53,0.21,0.01,-0.02
36,1714127161811,-1.56,-1.26,10.40,0.21,0.01,-0.02
36,1714127162129,-2.53,-0.33,11.93,0.03,-0.15,0.03
36,1714127162355,-2.33,0.62,10.50,0.91,-0.50,0.33
36,1714127163015,2.23,2.24,8.71,-0.21,0.02,0.01
36,1714127163118,1.00,2.02,9.21,-0.33,0.21,-0.04
36,1714127163221,1.91,1.36,9.17,-0.42,0.23,0.02
36,1714127164190,-1.41,-1.85,10.47,0.41,0.19,-0.00
37,1714127167296,-1.52,-1.67,10.50,0.20,0.05,-0.06
37,1714127167398,-1.42,-1.99,10.42,0.17,0.02,-0.11
37,1714127167588,-1.98,-1.98,11.77,0.18,-0.03,0.05
37,1714127167883,-0.46,-2.21,11.88,0.92,-0.48,-0.05
37,1714127167986,-1.56,-1.34,11.16,1.00,0.13,0.16
37,1714127168743,2.29,1.63,9.23,-0.20,0.20,0.01
37,1714127168845,1.20,1.57,9.12,-0.33,0.26,0.05
37,1714127168949,1.24,0.91,9.45,-0.49,0.33,0.11
37,1714127169666,-0.50,-3.05,11.85,0.29,0.08,-0.09
38,1714127172771,-0.99,-2.59,10.10,0.25,0.16,0.02
38,1714127172874,-0.95,-2.80,10.12,0.21,0.04,-0.01
38,1714127172978,-0.44,-3.20,10.65,0.18,-0.01,-0.06
38,1714127173081,-0.74,-3.02,11.50,0.23,-0.02,0.01
38,1714127173222,-1.50,-2.42,12.10,0.72,-0.48,0.06
38,1714127173325,0.23,-2.12,11.60,0.97,-0.76,-0.14
38,1714127174053,2.51,1.32,9.21,-0.48,-0.10,-0.05
38,1714127175015,-0.75,-2.70,10.64,0.26,0.22,0.02
39,1714127178121,-0.85,-2.89,10.14,0.17,-0.02,-0.00
39,1714127178224,-1.21,-2.86,10.27,0.18,-0.00,-0.01
39,1714127178327,-1.16,-2.89,10.26,0.24,0.06,-0.01
39,1714127178429,-0.70,-2.97,11.10,0.16,-0.06,-0.06
39,1714127178556,-1.47,-2.21,11.62,1.09,-0.10,-0.02
39,1714127179465,1.48,0.69,9.78,-0.46,0.14,0.01
39,1714127180490,-1.10,-3.36,10.15,0.24,0.06,0.01
40,1714127183596,-1.14,-3.28,10.14,0.21,0.01,-0.01
40,1714127183699,-1.16,-3.25,10.26,0.20,-0.02,-0.04
40,1714127183803,-0.84,-3.15,9.96,0.21,-0.02,-0.03
40,1714127183905,-0.75,-3.27,9.95,0.24,0.06,-0.03
40,1714127184009,-1.37,-3.23,10.36,0.25,0.08,-0.00
40,1714127184111,-0.54,-3.18,11.32,0.17,0.12,-0.04
40,1714127184215,-1.29,-2.57,11.96,1.14,-0.46,0.18
40,1714127184696,1.50,0.55,10.22,-0.35,0.01,0.10
40,1714127185694,0.86,-3.68,10.83,0.34,0.12,-0.02
41,1714127188799,-0.55,-3.27,10.23,0.19,-0.08,0.05
41,1714127188903,-0.38,-3.35,10.14,0.24,-0.02,0.01
41,1714127189005,-0.63,-3.23,10.20,0.26,0.02,0.07
41,1714127189108,-1.05,-2.16,10.69,0.62,0.11,-0.04
41,1714127189210,-1.16,-1.63,10.70,0.69,0.27,0.04
41,1714127189313,-1.97,-0.89,10.47,0.35,0.22,-0.08
41,1714127189416,-1.73,-0.73,10.47,0.36,0.27,-0.06
41,1714127189519,-2.38,-0.28,10.40,0.18,0.07,-0.07
41,1714127189622,-2.19,-0.60,10.49,0.15,-0.02,0.01
41,1714127189725,-2.44,-0.80,10.42,0.06,0.08,-0.08
41,1714127189828,-2.53,-0.61,10.32,0.17,0.09,0.02
41,1714127189931,-2.06,-1.12,10.39,0.23,0.01,0.02
41,1714127190033,-1.80,-1.00,10.06,0.14,-0.03,0.00
41,1714127190136,-2.68,-0.44,10.66,0.07,-0.23,0.05
41,1714127190239,-1.21,-1.22,10.45,0.10,-0.10,-0.04
41,1714127190341,-2.54,-0.59,10.42,0.11,-0.02,0.04
41,1714127190443,-1.81,-1.51,10.63,0.08,0.01,0.01
41,1714127190546,-1.93,0.31,10.35,0.32,-0.35,0.06
41,1714127190647,-2.30,-0.93,10.69,0.40,0.16,0.01
41,1714127190748,-1.66,-1.48,9.97,0.22,0.39,-0.17
42,1714127193853,-1.05,-1.29,11.14,0.05,-0.34,-0.11
42,1714127193957,-0.39,-1.34,10.47,0.21,-0.15,-0.04
42,1714127194059,-1.88,-1.42,10.64,0.16,0.08,-0.01
42,1714127194163,-2.17,-1.13,10.69,0.24,-0.04,-0.04
42,1714127194266,-2.16,-1.00,10.56,0.17,0.01,0.01
42,1714127194369,-1.58,-1.01,11.25,0.21,0.08,-0.10
42,1714127194472,-2.28,-0.95,12.25,0.34,-0.07,-0.05
42,1714127194575,-1.05,-1.23,12.90,1.08,-1.00,0.58
42,1714127194680,0.94,2.72,9.14,-0.52,0.30,-0.09
42,1714127194782,0.66,2.91,9.42,-0.57,0.33,-0.06
42,1714127194885,-1.54,-1.13,10.44,0.32,0.16,0.01
42,1714127194988,-1.13,-1.50,10.34,0.30,0.18,-0.05
42,1714127195091,-1.69,-1.20,10.42,0.26,0.11,-0.02
42,1714127195194,-0.87,-1.45,10.68,0.06,0.05,-0.11
42,1714127195297,-2.48,-0.67,10.71,0.10,0.11,-0.02
42,1714127195400,-2.88,-0.60,10.38,0.12,0.17,-0.06
42,1714127195503,-0.65,-2.36,12.06,0.14,-0.33,0.15
42,1714127195606,-3.26,-0.76,11.65,0.41,0.22,0.06
42,1714127195709,-0.72,-1.40,12.75,0.62,-0.69,0.18
42,1714127195813,-0.39,-0.67,11.57,0.72,-0.69,0.19
43,1714127198918,1.09,1.28,8.86,-0.08,0.47,-0.03
43,1714127199021,0.18,1.94,9.31,-0.17,0.45,0.06
43,1714127199123,0.83,0.84,9.91,-0.43,0.23,-0.01
43,1714127199227,-0.41,-2.85,11.19,0.11,0.11,0.13
43,1714127199329,-0.98,-2.05,10.37,0.19,0.03,-0.04
43,1714127199432,-0.53,-2.47,10.68,0.16,-0.03,-0.10
43,1714127199536,-0.64,-1.95,9.88,0.20,-0.04,0.00
43,1714127199638,-0.25,-2.52,11.07,0.17,-0.06,-0.10
43,1714127199742,-1.27,-1.89,12.09,1.07,0.02,0.17
43,1714127199844,-1.18,-1.62,11.76,1.00,-0.14,0.31
43,1714127200307,0.78,1.91,9.60,-0.28,0.00,0.09
43,1714127200409,1.01,1.85,8.26,-0.29,0.29,0.03
43,1714127200512,0.94,1.38,9.19,-0.55,0.14,0.02
43,1714127201189,-1.80,-2.15,11.14,0.18,0.11,0.11
44,1714127204293,-0.62,-2.57,10.62,0.20,0.03,-0.03
44,1714127204396,-1.00,-2.24,10.25,0.19,0.03,0.02
44,1714127204498,-1.45,-2.44,10.81,0.13,0.07,-0.01
44,1714127204684,-1.28,-1.68,11.73,1.17,-0.31,-0.03
44,1714127205426,1.70,1.88,8.60,-0.22,0.15,-0.02
44,1714127205529,0.96,1.18,9.08,-0.48,0.19,-0.01
44,1714127206426,-0.77,-2.89,10.22,0.21,0.04,0.01
45,1714127209531,-1.01,-2.94,10.23,0.22,0.04,-0.00
45,1714127209633,-0.79,-2.88,11.49,0.13,-0.17,-0.01
45,1714127209735,-0.99,-2.52,10.21,0.18,-0.13,-0.02
45,1714127209838,-0.94,-3.17,11.68,0.15,-0.42,-0.04
45,1714127209941,-0.40,-3.06,11.72,0.51,-0.05,-0.06
45,1714127210044,-0.50,-1.89,11.38,1.04,-0.25,-0.04
45,1714127210594,1.43,1.83,9.62,-0.30,0.31,-0.04
45,1714127210698,1.37,1.13,9.95,-0.40,0.32,-0.01
46,1714127214907,-1.35,-1.97,10.47,0.47,0.16,0.08
46,1714127215010,-1.48,-1.33,10.48,0.46,0.17,0.09
46,1714127215113,-1.62,-1.42,10.62,0.38,0.14,0.06
46,1714127215215,-1.65,-1.02,10.53,0.48,0.15,0.03
46,1714127215318,-1.76,-1.09,10.50,0.41,0.10,0.01
46,1714127215420,-1.79,-0.79,10.58,0.36,0.09,-0.02
46,1714127215523,-1.89,-0.70,10.58,0.30,0.04,-0.00
46,1714127215627,-1.99,-0.66,10.39,0.30,0.14,0.00
46,1714127215729,-2.14,-0.64,10.61,0.30,0.10,-0.02
46,1714127215834,-2.22,-0.69,10.79,0.06,-0.13,0.00
46,1714127215935,-1.75,-1.21,10.64,0.02,-0.18,0.00
46,1714127216038,-3.02,-0.77,11.77,-0.00,-0.03,0.15
46,1714127216305,1.83,1.82,9.72,-0.34,0.17,-0.02
46,1714127216408,0.60,1.76,9.29,-0.42,0.45,-0.06
46,1714127217362,-1.06,-1.20,10.63,0.39,0.08,-0.01
47,1714127220467,-1.42,-0.92,10.60,0.34,0.11,0.09
47,1714127220571,-1.21,-0.95,10.62,0.26,0.04,0.04
47,1714127220672,-1.47,-0.96,10.69,0.23,0.09,0.06
47,1714127220775,-1.47,-0.95,10.63,0.26,0.08,0.03
47,1714127220878,-1.56,-0.75,10.64,0.24,0.03,0.00
47,1714127220981,-2.13,-0.56,10.41,0.19,0.01,0.03
47,1714127221084,-2.41,-0.56,10.59,0.10,-0.08,-0.02
47,1714127221187,-1.31,-1.13,10.77,0.09,-0.06,-0.04
47,1714127221289,-1.51,-1.30,10.48,0.08,0.02,-0.14
47,1714127221392,-1.90,-0.91,11.03,0.21,0.01,-0.04
47,1714127221494,-1.43,-1.33,10.68,0.28,0.01,-0.01
47,1714127221598,-1.66,-0.89,10.61,0.18,-0.02,-0.00
47,1714127221701,-1.98,-0.79,11.19,0.22,0.10,-0.06
47,1714127222057,0.49,2.23,9.22,-0.33,0.60,0.01
47,1714127222822,-1.60,-2.06,12.36,0.06,-0.05,0.19
48,1714127225928,-1.36,-0.62,10.82,0.37,0.03,-0.01
48,1714127226031,-1.05,-0.96,10.53,0.30,0.06,0.00
48,1714127226134,-1.01,-0.87,10.44,0.20,0.03,-0.03
48,1714127226236,-1.38,-0.84,10.63,0.21,0.00,-0.01
48,1714127226340,-1.49,-0.80,10.62,0.21,0.06,-0.01
48,1714127226443,-0.36,-1.37,10.72,0.21,0.10,-0.12
48,1714127226546,-1.68,-0.86,11.76,0.15,0.08,-0.01
48,1714127228412,-0.36,-1.47,10.36,0.17,0.05,-0.05
49,1714127231518,-1.13,-1.30,10.39,0.24,0.11,-0.05
49,1714127231618,-1.40,-1.29,10.47,0.24,0.12,-0.04
49,1714127231977,-1.16,-0.90,12.14,0.09,0.12,0.01
49,1714127232181,-1.88,-0.64,11.53,1.38,-0.61,0.45
49,1714127232588,-0.11,-0.01,11.39,1.25,-0.84,0.11
49,1714127233259,0.41,0.53,9.58,-0.67,0.94,-0.28
49,1714127233834,-1.15,-1.58,10.56,0.28,0.04,-0.08
50,1714127236940,-1.23,-1.30,10.55,0.24,0.02,-0.04
50,1714127237295,-1.06,-0.70,11.63,0.03,0.05,0.03
50,1714127237619,-1.02,-0.31,11.44,0.85,-0.52,0.02
50,1714127238294,1.70,2.36,8.29,-0.03,-0.33,-0.17
50,1714127239356,-1.89,-0.71,10.32,0.25,0.01,-0.02
51,1714127242816,-1.85,-1.00,11.63,0.01,0.15,0.09
51,1714127243131,-1.78,-0.73,11.77,0.74,-0.76,0.05
51,1714127243234,-1.46,-0.75,11.22,0.84,-0.75,-0.01
51,1714127243816,-0.04,1.13,9.74,-0.39,0.35,-0.10
51,1714127244682,-2.56,-1.28,10.47,0.27,0.05,-0.00
52,1714127247787,-1.98,-1.78,10.23,0.18,-0.07,-0.06
52,1714127247889,-2.16,-1.77,10.26,0.16,-0.03,-0.04
52,1714127248169,-2.13,-0.69,11.25,0.12,0.06,0.02
52,1714127248554,-1.79,-0.10,11.17,0.84,-0.55,-0.03
52,1714127249333,0.27,0.99,9.89,-0.52,0.17,-0.17
52,1714127250329,-2.16,-1.94,9.99,0.29,0.12,-0.05
53,1714127253435,-2.41,-1.58,10.23,0.26,0.07,-0.03
53,1714127253538,-2.32,-1.64,9.96,0.22,0.02,-0.01
53,1714127253645,-2.28,-1.65,10.03,0.23,0.02,-0.01
53,1714127253748,-2.24,-1.65,9.97,0.28,0.03,0.01
53,1714127253850,-2.34,-1.55,10.12,0.23,0.03,0.01
53,1714127254382,-2.74,-1.22,10.86,-0.04,0.10,0.16
53,1714127254484,-2.33,-1.39,9.67,-0.17,-0.24,0.00
53,1714127254588,-1.70,-1.88,10.25,-0.08,-0.21,-0.06
53,1714127254691,-2.52,-1.67,13.11,0.16,0.10,0.02
53,1714127255260,1.56,0.91,8.48,-0.40,-0.01,-0.08
53,1714127255364,0.40,0.50,9.63,-0.49,0.48,-0.12
54,1714127258469,-3.77,-0.92,10.99,0.34,0.21,0.17
54,1714127258572,-2.04,-2.13,10.13,0.25,0.05,-0.02
54,1714127258675,-2.22,-2.05,10.10,0.23,0.03,-0.03
54,1714127258778,-2.30,-2.05,10.23,0.21,-0.00,-0.03
54,1714127258881,-2.14,-2.09,10.21,0.19,-0.01,-0.03
54,1714127258985,-1.70,-1.87,11.69,0.05,0.21,0.02
54,1714127259904,1.26,1.45,9.40,-0.29,0.22,-0.13
54,1714127260007,0.30,1.40,8.93,-0.35,0.55,-0.19
54,1714127260110,-0.28,1.22,9.39,-0.47,0.61,-0.16
54,1714127260891,-1.10,-2.18,10.57,0.10,-0.09,-0.15
55,1714127263998,-1.22,-2.15,10.42,0.11,-0.13,-0.10
55,1714127264100,-1.44,-2.23,10.28,0.35,0.02,-0.00
55,1714127264203,-1.60,-0.63,10.59,0.21,0.03,0.03
55,1714127264306,-1.57,-0.58,10.55,0.28,0.03,0.04
55,1714127264410,-1.61,-0.43,10.23,0.16,0.03,0.04
55,1714127264512,-1.73,-0.53,10.46,0.21,0.05,0.03
55,1714127264616,-1.56,-0.73,10.87,0.10,-0.02,0.05
55,1714127264719,-1.05,-0.85,11.76,0.12,0.03,0.01
55,1714127264822,-1.43,0.12,11.45,1.01,-0.15,0.28
55,1714127265333,0.59,2.35,8.62,-0.93,0.43,-0.17
55,1714127266297,-1.65,-1.27,10.47,0.20,0.04,-0.04
56,1714127269402,-1.75,-1.28,10.28,0.25,0.06,-0.03
56,1714127269678,-1.79,-1.06,11.84,-0.03,-0.22,0.01
56,1714127269962,-0.55,-0.81,12.67,1.44,-0.74,0.18
56,1714127270557,1.45,1.30,8.26,-0.78,0.36,-0.07
56,1714127271446,-1.67,-1.64,10.32,0.42,0.05,-0.00
57,1714127274551,-1.90,-1.49,10.72,0.36,0.03,-0.02
57,1714127274654,-1.63,-1.45,10.31,0.33,0.03,-0.00
57,1714127274757,-1.90,-1.48,10.38,0.37,0.11,0.04
57,1714127274860,-2.04,-1.23,10.61,0.39,0.10,0.01
57,1714127274963,-2.21,-1.03,10.42,0.40,0.06,-0.01
57,1714127275066,-2.23,-0.76,10.68,0.35,0.03,0.00
57,1714127275169,-2.25,-0.62,10.51,0.24,-0.01,-0.01
57,1714127275272,-2.67,-0.57,10.29,0.19,0.06,-0.05
57,1714127275376,-2.47,-0.60,9.96,0.10,0.03,0.08
57,1714127275478,-1.50,-0.96,10.51,0.06,-0.11,0.03
57,1714127275583,-2.02,-0.80,9.95,0.18,0.02,-0.07
57,1714127275685,-1.28,-0.92,10.57,0.18,-0.07,-0.10
57,1714127275788,-2.55,-0.82,10.34,0.21,0.02,-0.05
57,1714127275892,-2.38,-0.64,11.01,0.08,-0.05,0.04
57,1714127275995,-0.78,-0.94,11.85,0.04,0.01,0.01
57,1714127276098,-2.18,0.15,12.20,0.92,-0.87,0.35
57,1714127276201,1.07,1.46,9.53,-0.37,0.10,-0.03
57,1714127276303,1.54,0.74,9.27,-0.35,0.34,-0.04
57,1714127276853,-2.12,-0.87,10.57,0.33,-0.05,0.01
58,1714127279959,-1.95,-0.92,10.42,0.24,0.06,0.00
58,1714127280062,-0.88,-1.25,10.56,0.11,-0.04,-0.10
58,1714127280165,-2.04,-0.91,10.29,0.15,0.03,0.04
58,1714127280268,-1.02,-1.01,11.19,0.10,-0.01,-0.04
58,1714127280371,-0.48,-1.07,11.81,0.06,0.04,-0.04
58,1714127281226,1.72,1.70,8.49,-0.40,0.65,-0.15
58,1714127282007,-0.51,-2.08,11.88,0.45,0.02,0.08
59,1714127285112,-1.59,-1.54,10.56,0.24,0.02,-0.05
59,1714127285216,-1.75,-1.37,10.29,0.21,0.04,0.01
59,1714127285319,-2.12,-1.33,10.19,0.15,0.08,0.03
59,1714127285421,-2.20,-1.41,10.28,0.28,0.10,0.03
59,1714127285524,-2.33,-1.08,10.45,0.68,0.22,0.03
59,1714127285627,-2.09,-0.32,11.24,-0.02,-0.02,-0.02
59,1714127285730,-1.51,-0.52,12.17,0.03,0.37,0.27
59,1714127285833,-2.01,-0.05,12.22,1.00,-0.77,0.28
59,1714127286473,0.71,1.37,8.95,-0.52,0.50,-0.10
59,1714127287118,0.23,-2.47,10.61,0.30,0.27,0.14
60,1714127290223,-1.97,-1.73,10.22,0.23,0.04,-0.03
60,1714127290326,-2.10,-1.74,10.38,0.24,0.02,-0.02
60,1714127290429,-1.99,-1.77,10.28,0.25,0.05,-0.03
60,1714127290641,-1.44,-1.37,11.25,-0.03,0.06,-0.01
60,1714127290744,-1.50,-1.60,12.17,0.01,0.12,0.04
60,1714127290881,-2.22,-0.79,12.25,1.44,-0.69,0.51
60,1714127291623,1.35,1.30,9.81,-0.50,0.32,-0.06
60,1714127292348,-1.51,-2.00,11.77,0.50,0.62,0.07
61,1714127295454,-1.97,-1.74,10.38,0.38,0.10,-0.03
61,1714127295788,-2.35,-0.55,11.44,-0.08,0.01,0.04
61,1714127296872,1.22,2.57,8.84,-0.49,0.41,-0.13
62,1714127301092,-2.40,-0.84,10.59,0.40,0.07,-0.02
62,1714127301361,-2.24,-0.35,11.17,0.08,-0.07,0.02
62,1714127301655,-1.12,-0.26,12.33,0.93,-0.73,0.21
62,1714127302572,0.84,2.55,8.70,-0.56,0.34,-0.13
62,1714127303631,-2.05,-2.12,10.27,0.31,0.09,-0.01
63,1714127306737,-2.10,-1.95,10.29,0.32,0.11,-0.02
63,1714127306839,-2.25,-1.84,10.10,0.29,0.05,-0.02
63,1714127307123,-1.96,-0.82,11.45,0.01,0.06,0.09
63,1714127307368,-2.39,-0.31,12.75,0.96,-0.60,0.39
63,1714127307471,-1.36,-0.52,11.87,1.01,-0.84,0.25
63,1714127308293,1.06,3.24,8.90,-0.63,0.31,-0.06
63,1714127309269,-1.67,-1.73,10.45,0.37,-0.05,-0.02
64,1714127312375,-2.24,-1.29,10.39,0.32,0.04,-0.01
64,1714127312478,-2.10,-1.32,10.23,0.30,0.04,-0.03
64,1714127312580,-2.26,-1.31,10.29,0.27,0.08,-0.04
64,1714127312684,-2.31,-0.46,11.46,0.04,0.32,0.17
64,1714127313720,0.50,0.90,9.78,-0.30,0.50,-0.12
64,1714127314636,-2.30,-1.47,10.34,0.33,0.01,-0.01
65,1714127317742,-2.73,-1.19,10.62,0.43,0.13,-0.03
65,1714127317845,-2.39,-1.42,10.20,0.38,-0.01,-0.00
65,1714127317949,-2.32,-1.21,10.26,0.44,0.04,-0.00
65,1714127318052,-2.72,-0.53,10.34,0.22,-0.01,-0.00
65,1714127318155,-2.90,-0.08,10.04,0.12,0.03,0.05
65,1714127318258,-3.41,-0.40,11.92,0.06,0.29,0.05
65,1714127319135,0.62,1.07,9.33,-0.34,0.51,-0.07
65,1714127319867,-2.18,-1.38,11.46,0.61,0.31,0.04
66,1714127322973,-2.53,-1.24,10.86,0.53,0.20,-0.03
66,1714127323076,-1.87,-1.09,10.31,0.32,0.02,0.04
66,1714127323179,-2.43,-1.05,10.35,0.31,0.05,-0.02
66,1714127323334,-2.81,-0.44,10.93,0.08,-0.05,0.01
66,1714127324383,0.22,1.41,9.12,-0.46,0.48,-0.01
66,1714127325229,-1.93,-1.59,10.30,0.32,0.03,-0.00
67,1714127328334,-1.99,-1.45,10.31,0.27,0.03,-0.03
67,1714127328438,-2.32,-1.38,10.43,0.27,-0.00,-0.00
67,1714127328540,-1.98,-1.52,10.13,0.30,0.03,-0.04
67,1714127328710,-2.09,-0.28,12.23,-0.03,-0.06,0.16
67,1714127328956,-1.48,-0.44,12.05,0.84,-0.78,0.17
67,1714127329748,1.01,1.67,9.42,-0.26,0.46,-0.09
67,1714127329851,1.07,1.71,9.64,-0.28,0.44,-0.11
67,1714127329954,0.87,1.44,9.57,-0.32,0.57,-0.10
67,1714127330783,-1.12,-1.60,10.51,0.29,-0.01,0.06
68,1714127333889,-2.08,-0.84,10.61,0.42,0.14,0.06
68,1714127333992,-1.80,-0.97,10.35,0.36,0.08,0.03
68,1714127334095,-2.15,-0.81,10.28,0.26,0.08,0.01
68,1714127334198,-2.04,-0.73,10.35,0.25,0.05,0.02
68,1714127334301,-1.87,-0.83,10.39,0.30,0.09,-0.00
68,1714127334404,-2.50,-0.30,10.48,0.23,0.05,0.01
68,1714127334507,-3.06,-0.35,10.75,0.09,-0.22,0.02
68,1714127334610,-1.65,-0.89,9.97,0.04,-0.18,0.04
68,1714127334712,-2.30,0.22,11.52,0.24,-0.04,-0.10
68,1714127335447,1.30,1.92,8.39,-0.22,0.59,0.04
68,1714127335557,0.87,1.98,9.39,-0.54,0.53,-0.07
68,1714127336512,-1.71,-1.17,10.32,0.33,0.14,-0.04
69,1714127339618,-1.89,-0.92,10.45,0.29,0.05,-0.05
69,1714127339721,-2.11,-0.97,10.45,0.27,0.07,-0.03
69,1714127340020,-1.67,-1.06,11.12,0.14,-0.13,-0.02
69,1714127340122,-3.01,-0.77,11.54,-0.01,-0.12,0.18
69,1714127340360,-0.85,-0.79,12.11,0.96,-0.62,0.19
69,1714127341165,1.65,2.24,8.44,-0.45,0.39,-0.12
69,1714127341268,2.06,1.48,9.12,-0.53,0.53,-0.17
69,1714127342249,-1.59,-2.32,10.32,0.28,0.08,0.00
70,1714127345355,-1.65,-2.24,10.14,0.23,0.01,-0.01
70,1714127345458,-1.50,-2.25,10.19,0.25,0.05,0.00
70,1714127345560,-1.73,-2.18,10.17,0.26,0.04,-0.00
70,1714127345702,-1.39,-2.57,11.18,0.14,-0.05,0.03
70,1714127345804,-1.85,-2.58,11.57,0.10,-0.24,0.04
70,1714127345982,-0.44,-2.39,11.27,0.78,-0.77,-0.02
70,1714127346084,-0.13,-1.97,10.82,0.81,-0.85,0.11
70,1714127346904,1.38,0.52,10.01,-0.53,0.10,0.03
70,1714127347973,-0.96,-2.75,10.07,0.20,0.03,-0.03
71,1714127351078,-1.30,-2.77,10.80,0.30,0.21,0.01
71,1714127351181,-1.33,-2.56,11.22,0.26,0.10,0.02
71,1714127351285,-1.55,-2.38,10.97,0.25,-0.05,-0.01
71,1714127351388,-1.57,-2.39,10.68,0.24,-0.15,0.01
71,1714127351492,-1.08,-2.49,11.58,0.39,-0.16,0.02
71,1714127351595,-0.57,-2.63,11.50,0.44,-0.31,-0.01
71,1714127351698,-0.92,-1.88,10.71,0.72,-0.07,0.05
71,1714127351801,-1.50,-1.57,11.13,0.73,-0.14,0.10
71,1714127351904,-0.19,-1.99,11.15,0.70,-0.57,-0.01
71,1714127352005,1.72,1.83,9.64,0.16,0.01,-0.06
71,1714127352108,1.29,1.47,10.13,-0.22,0.10,0.01
71,1714127352211,1.84,0.87,9.79,-0.17,0.30,-0.02
71,1714127352851,-2.42,-2.43,10.68,0.29,0.29,-0.11
71,1714127352954,-1.13,-2.49,10.30,0.03,-0.02,-0.04
71,1714127353081,-1.42,-2.68,10.31,0.19,0.04,-0.02
72,1714127356186,-1.50,-2.49,10.45,0.22,0.05,-0.04
72,1714127356504,-1.24,-2.51,11.28,0.15,0.09,0.04
72,1714127356607,-0.41,-3.21,10.39,0.26,0.03,0.09
72,1714127356709,-3.11,-2.59,12.39,0.73,0.44,0.03
72,1714127356811,-2.03,-2.11,11.77,0.69,-0.20,0.13
72,1714127356914,-2.04,-1.61,11.32,0.80,-0.27,0.15
72,1714127357018,-1.19,-1.46,11.10,0.80,-0.46,0.17
72,1714127357740,0.75,0.36,10.01,-0.18,0.04,-0.09
72,1714127357843,-0.06,0.54,10.31,-0.24,0.23,-0.07
72,1714127357946,0.17,0.22,10.28,-0.27,0.15,-0.09
72,1714127358665,-1.11,-3.08,11.34,0.33,0.25,-0.01
73,1714127361771,-0.80,-3.36,10.83,0.14,-0.12,0.00
73,1714127361873,-1.36,-2.72,10.12,0.24,0.05,0.00
73,1714127361977,-1.45,-2.70,10.31,0.23,0.05,-0.00
73,1714127362081,-1.10,-2.77,10.10,0.21,0.01,-0.01
73,1714127362184,-1.64,-2.72,11.31,0.11,-0.11,-0.00
73,1714127362287,-1.79,-1.85,12.30,1.07,-0.54,0.16
73,1714127362389,-1.45,-1.87,11.81,1.04,-0.62,0.20
73,1714127362777,2.26,1.89,9.44,0.07,0.07,-0.03
73,1714127362884,2.24,1.78,8.86,-0.08,0.19,0.02
73,1714127362999,1.91,1.20,8.96,-0.19,0.53,0.00
73,1714127363102,1.57,0.85,9.73,-0.44,0.35,0.03
73,1714127363834,-2.34,-1.39,11.61,0.52,0.35,-0.11
74,1714127366940,-1.47,-1.56,10.34,0.57,0.45,0.03
74,1714127367043,-1.11,-1.69,10.24,0.39,0.28,-0.08
74,1714127367145,-1.13,-1.73,10.33,0.28,-0.02,-0.01
74,1714127367249,-1.66,-1.76,10.33,0.32,0.05,-0.03
74,1714127367352,-1.72,-1.76,10.35,0.39,0.05,-0.03
74,1714127367454,-1.73,-1.42,10.27,0.29,0.13,-0.08
74,1714127367557,-1.96,-1.24,10.55,0.28,0.09,-0.02
74,1714127367661,-1.93,-0.97,10.40,0.20,0.01,0.01
74,1714127367763,-2.19,-0.96,11.53,0.16,0.14,-0.12
74,1714127367866,-1.01,-0.51,11.81,0.53,-0.69,0.32
74,1714127367969,-0.71,-0.98,11.71,0.59,-0.84,0.40
74,1714127368760,1.90,3.47,7.99,-0.63,0.28,-0.05
74,1714127368863,1.50,2.56,8.49,-0.82,0.33,-0.06
75,1714127371969,-1.06,-1.22,10.66,0.26,0.12,-0.08
75,1714127372072,-1.11,-1.07,10.59,0.23,0.10,-0.02
75,1714127372174,-1.33,-1.10,10.67,0.22,0.06,-0.04
75,1714127372277,-1.23,-1.16,10.56,0.24,0.12,-0.04
75,1714127372483,-2.14,-0.49,10.83,0.04,-0.02,-0.00
75,1714127373700,2.47,2.63,7.93,-0.43,0.08,0.03
75,1714127374577,-1.32,-0.97,11.18,0.42,0.26,-0.14
76,1714127377682,-0.91,-1.33,10.82,0.35,0.09,-0.05
76,1714127377784,-1.04,-1.31,10.47,0.33,0.09,-0.06
76,1714127377887,-1.20,-0.92,10.53,0.34,0.15,-0.08
76,1714127377987,-1.37,-1.21,10.68,0.21,0.02,-0.03
76,1714127378090,-1.48,-1.01,10.51,0.24,0.08,-0.04
76,1714127378668,-1.83,-0.72,10.54,0.06,0.02,-0.02
76,1714127378770,-0.67,-1.85,11.96,0.05,-0.11,-0.05
76,1714127378968,-0.44,0.12,10.84,0.98,-1.27,0.48
77,1714127383178,-0.71,-1.30,10.32,0.28,0.21,-0.05
77,1714127383280,-0.76,-1.34,10.31,0.32,0.18,-0.01
77,1714127383383,-1.17,-1.21,10.55,0.33,0.23,-0.05
77,1714127383485,-1.58,-0.88,10.61,0.22,0.09,-0.04
77,1714127383586,-1.28,-1.21,11.77,-0.02,-0.25,0.03
77,1714127383689,-2.72,-0.57,12.50,-0.05,0.34,0.03
77,1714127384601,1.98,1.97,8.27,-0.57,0.47,0.03
77,1714127384703,1.42,1.88,9.65,-0.65,0.54,0.08
77,1714127385638,-1.24,-1.12,10.40,0.26,0.07,-0.04
78,1714127388741,-1.65,-0.95,10.50,0.25,0.08,-0.04
78,1714127388842,-1.71,-1.02,10.44,0.21,0.06,-0.04
78,1714127389020,-2.50,-0.44,12.48,-0.18,-0.23,0.02
78,1714127389967,2.84,2.72,7.92,-0.34,0.32,0.01
78,1714127390070,1.94,2.03,8.88,-0.47,0.46,0.03
78,1714127390172,2.21,2.14,9.20,-0.49,0.54,0.02
78,1714127390273,2.10,1.90,9.14,-0.50,0.63,0.06
78,1714127390949,-0.33,-1.13,10.68,0.42,0.01,-0.12
79,1714127394052,-1.19,-1.06,10.60,0.23,0.11,-0.03
79,1714127394400,-0.50,-1.35,11.83,0.09,-0.09,-0.04
79,1714127394503,-2.19,-1.07,11.31,0.16,0.42,-0.31
79,1714127395718,2.02,3.24,8.26,-0.25,0.56,-0.04
79,1714127395821,1.48,3.51,8.51,-0.35,0.47,-0.05
79,1714127395924,2.34,2.77,8.83,-0.53,0.17,-0.04
79,1714127396843,-1.44,-1.00,10.51,0.28,0.15,-0.04
80,1714127399949,-1.51,-0.81,10.69,0.19,0.18,0.00
80,1714127400051,-1.19,-1.19,10.46,0.25,0.07,-0.05
80,1714127400152,-1.68,-0.79,10.56,0.23,0.03,-0.02
80,1714127400254,-1.72,-0.81,10.66,0.25,0.03,-0.02
80,1714127400357,-1.83,-0.90,10.54,0.19,0.05,0.02
80,1714127400458,-2.60,-0.14,11.47,0.12,-0.08,-0.01
80,1714127400721,-0.83,-0.48,11.13,0.66,-0.37,0.01
80,1714127401545,1.22,2.08,9.61,-0.42,0.38,-0.06
80,1714127402384,-0.69,-1.53,10.49,0.34,0.03,-0.04
81,1714127405488,-0.77,-1.48,10.57,0.43,0.06,-0.05
81,1714127405590,-1.92,-0.73,10.59,0.20,-0.01,-0.02
81,1714127405971,-0.03,-1.16,10.89,0.07,-0.10,-0.07
81,1714127406072,-1.26,-1.06,12.36,-0.04,-0.12,-0.09
81,1714127407051,1.93,2.82,9.19,-0.39,0.42,0.07
81,1714127407152,1.55,2.01,9.05,-0.47,0.66,0.02
81,1714127408115,-0.73,-1.55,10.28,0.39,0.13,-0.04
82,1714127411218,-1.62,-0.96,10.62,0.27,0.14,-0.01
82,1714127411320,-1.81,-0.77,10.55,0.23,0.05,-0.02
82,1714127411657,-1.70,-0.96,11.37,0.04,-0.10,-0.02
82,1714127412617,1.53,2.30,8.85,-0.50,0.11,-0.13
82,1714127412718,0.51,2.32,9.66,-0.61,0.32,-0.10
82,1714127413637,-1.80,-1.23,11.00,0.31,-0.05,-0.00
83,1714127416739,-1.54,-1.42,10.20,0.36,0.10,-0.02
83,1714127416840,-1.76,-1.01,10.32,0.44,0.19,-0.01
83,1714127416940,-2.16,-0.65,10.49,0.21,0.06,-0.05
83,1714127417168,-2.84,-0.19,11.18,0.16,0.03,-0.10
83,1714127417463,-1.07,0.01,12.06,0.87,-0.88,0.23
83,1714127418193,1.89,2.15,8.81,-0.26,0.46,-0.05
83,1714127418294,0.98,1.85,9.55,-0.44,0.44,-0.10
83,1714127419084,-1.98,-0.28,9.99,0.50,0.10,0.05
84,1714127422188,-1.51,-1.23,10.44,0.46,0.15,-0.03
84,1714127422290,-1.80,-1.17,10.79,0.44,0.12,-0.04
84,1714127422391,-1.84,-1.02,10.47,0.43,0.14,-0.06
84,1714127422493,-2.08,-0.53,10.42,0.22,0.04,-0.01
84,1714127422910,-1.94,-0.65,11.49,0.20,-0.03,-0.09
84,1714127423860,1.74,2.82,8.94,-0.29,0.10,-0.01
84,1714127423962,0.55,2.39,9.18,-0.46,0.30,-0.02
84,1714127424949,-2.13,-1.17,10.71,0.44,0.25,-0.03
85,1714127428052,-1.64,-1.01,10.31,0.33,0.13,-0.01
85,1714127428370,-2.80,-0.03,10.23,0.15,-0.02,0.02
85,1714127428472,-1.59,-0.66,11.75,0.09,-0.22,0.03
85,1714127428711,-1.30,0.08,11.63,0.81,-0.68,0.17
85,1714127428812,-1.59,-0.05,10.09,0.92,-0.68,0.24
85,1714127429441,1.79,2.44,8.01,-0.21,0.34,-0.05
85,1714127429543,0.51,2.88,9.32,-0.45,0.39,-0.15
85,1714127429645,1.12,1.92,9.29,-0.60,0.30,-0.14
85,1714127430351,-1.14,-1.97,10.78,0.31,0.19,-0.03
86,1714127433454,-1.32,-1.95,10.42,0.30,0.10,-0.03
86,1714127433555,-1.49,-1.87,10.24,0.42,0.17,-0.01
86,1714127433658,-1.59,-1.47,10.72,0.51,0.05,0.03
86,1714127433759,-1.80,-1.03,10.50,0.58,0.19,0.03
86,1714127433861,-1.95,-0.78,10.48,0.35,0.15,-0.08
86,1714127433962,-2.07,-0.60,10.34,0.27,0.07,-0.04
86,1714127434064,-1.42,-1.04,11.20,0.16,-0.09,-0.08
86,1714127434165,-2.17,-0.05,11.57,-0.00,-0.01,-0.22
86,1714127434828,1.64,2.68,9.39,-0.37,0.40,-0.05
86,1714127434930,1.27,2.08,8.93,-0.50,0.33,-0.08
86,1714127435803,-1.36,-1.20,11.56,0.38,0.19,-0.07
87,1714127438907,-1.11,-1.33,10.58,0.32,0.14,-0.07
87,1714127439008,-1.34,-0.95,10.60,0.39,0.18,-0.05
87,1714127439110,-1.52,-0.93,10.61,0.36,0.12,-0.03
87,1714127439211,-1.67,-0.67,10.66,0.28,0.10,-0.01
87,1714127439314,-1.64,-0.80,10.42,0.25,0.09,-0.04
87,1714127439418,-1.76,-0.76,10.52,0.25,0.07,-0.02
87,1714127439520,-1.81,-0.56,10.52,0.26,0.07,-0.02
87,1714127439622,-1.88,-0.32,10.64,0.15,0.10,-0.01
87,1714127439724,-2.24,-0.50,11.84,0.10,-0.11,0.01
87,1714127440525,1.21,2.91,9.80,-0.10,0.32,-0.06
87,1714127440626,0.92,2.71,9.62,-0.29,0.28,-0.06
87,1714127441625,-1.42,-1.32,10.58,0.35,0.13,-0.01
88,1714127444728,-1.48,-0.96,10.47,0.41,0.18,0.03
88,1714127444829,-1.56,-0.91,10.31,0.45,0.21,0.02
88,1714127444930,-1.69,-0.93,10.75,0.45,0.16,-0.02
88,1714127445031,-1.90,-0.56,10.55,0.44,0.15,-0.03
88,1714127445133,-1.91,-0.60,10.41,0.39,0.17,-0.03
88,1714127445235,-1.75,-0.61,10.16,0.24,0.15,-0.08
88,1714127445336,-2.21,-0.53,10.44,0.25,0.07,-0.05
88,1714127445437,-2.19,-0.37,10.54,0.21,0.06,-0.02
88,1714127445539,-0.89,-0.92,10.53,0.16,0.02,-0.14
88,1714127445640,-3.21,-0.12,11.13,0.08,0.13,-0.04
88,1714127446288,0.93,4.21,8.77,-0.44,0.41,-0.20
88,1714127446391,0.83,3.52,9.56,-0.58,0.51,-0.23
88,1714127447338,-1.33,-0.93,10.46,0.39,0.17,-0.07
89,1714127450441,-1.49,-0.84,10.35,0.35,0.10,-0.05
89,1714127450542,-1.85,-0.70,10.56,0.25,0.02,-0.01
89,1714127450643,-1.92,-0.53,10.42,0.21,0.06,-0.02
89,1714127450744,-2.03,-0.52,10.58,0.20,0.00,0.01
89,1714127450845,-2.13,-0.56,10.43,0.23,0.02,-0.02
89,1714127450989,-1.43,-0.79,11.96,0.18,0.03,-0.05
89,1714127452040,2.16,4.08,8.88,-0.15,0.10,-0.06
89,1714127452140,1.55,4.03,9.22,-0.24,0.20,-0.08
89,1714127452242,1.63,3.12,9.17,-0.30,0.24,-0.10
89,1714127452344,1.31,3.85,9.45,-0.34,0.20,-0.06
90,1714127455446,1.54,3.17,9.19,-0.51,0.26,-0.11
90,1714127455547,-1.44,-1.74,10.47,0.25,0.02,-0.04
90,1714127455649,-1.57,-1.53,10.18,0.29,0.08,-0.04
90,1714127455750,-1.86,-1.31,10.71,0.28,0.02,-0.01
90,1714127455850,-1.51,-1.51,10.19,0.31,0.04,-0.05
90,1714127455952,-2.05,-0.87,10.65,0.38,0.11,-0.04
90,1714127456054,-2.15,-0.80,10.32,0.29,0.09,-0.02
90,1714127456154,-2.17,-0.49,10.31,0.25,0.04,-0.02
90,1714127456255,-2.39,-0.42,10.26,0.26,0.05,-0.03
90,1714127456356,-2.27,-0.44,10.39,0.19,0.02,-0.02
90,1714127456457,-2.50,0.06,12.12,0.02,-0.21,0.18
90,1714127457527,1.16,3.30,8.79,-0.59,0.32,-0.16
91,1714127460630,-1.74,-1.37,10.33,0.30,0.15,-0.07
91,1714127460730,-1.79,-1.35,10.46,0.21,0.04,-0.02
91,1714127460831,-1.80,-1.39,10.30,0.20,0.04,-0.02
91,1714127460933,-1.85,-1.51,10.25,0.18,0.05,-0.04
91,1714127461034,-1.86,-1.41,10.06,0.23,0.09,-0.06
91,1714127461135,-1.89,-1.42,10.12,0.26,0.08,-0.03
91,1714127461236,-1.92,-1.14,11.65,0.08,-0.07,-0.02
91,1714127461338,-1.65,-0.10,10.93,0.81,-0.79,0.29
91,1714127462058,1.72,2.83,9.05,-0.60,0.38,0.01
91,1714127463064,-0.49,-1.94,11.44,0.32,0.13,-0.05
92,1714127466166,-1.30,-1.63,11.02,0.39,0.22,0.00
92,1714127466268,-1.12,-1.50,10.77,0.34,0.05,-0.02
92,1714127466368,-1.14,-1.32,10.47,0.34,0.11,-0.04
92,1714127466471,-1.38,-1.25,10.62,0.28,0.00,-0.02
92,1714127466571,-1.66,-1.09,10.50,0.33,0.03,-0.00
92,1714127466673,-1.68,-0.93,10.69,0.36,0.08,0.01
92,1714127466774,-1.94,-0.77,10.55,0.30,0.06,-0.03
92,1714127466876,-1.89,-0.73,10.45,0.24,0.08,-0.02
92,1714127466977,-1.84,-0.84,10.59,0.25,0.10,-0.08
92,1714127467078,-1.81,-0.64,10.71,0.24,0.01,-0.02
92,1714127467179,-1.85,-0.79,10.41,0.25,0.08,-0.03
92,1714127467281,-1.76,-0.62,10.62,0.24,0.03,0.02
92,1714127467382,-0.94,-0.87,11.67,0.11,-0.03,-0.12
92,1714127467483,-0.79,0.66,9.54,0.93,-0.62,0.00
92,1714127467681,0.76,2.30,9.12,-0.46,0.46,-0.02
92,1714127468721,-1.33,-0.50,10.46,0.28,0.03,-0.00
93,1714127471824,-1.93,-0.50,10.49,0.22,0.00,0.01
93,1714127471925,-1.83,-0.49,10.51,0.22,0.00,0.02
93,1714127472427,-1.28,-1.12,11.92,0.13,-0.03,-0.21
93,1714127473442,0.44,3.51,8.49,-0.50,0.27,-0.14
93,1714127473543,1.83,2.66,7.92,-0.55,0.53,-0.14
93,1714127474446,-1.50,-0.71,10.30,0.36,0.18,-0.08
94,1714127477549,-1.96,-0.73,10.56,0.27,0.11,-0.05
94,1714127477650,-2.04,-0.65,10.52,0.31,0.10,-0.04
94,1714127477751,-2.11,-0.42,10.44,0.24,0.07,-0.05
94,1714127477868,-1.29,-0.44,11.86,0.14,0.01,-0.16
94,1714127478073,-2.48,-0.14,12.79,1.12,-0.25,0.30
94,1714127478174,-3.13,0.29,12.63,1.04,-0.56,0.36
94,1714127478943,1.12,2.86,7.83,-0.48,0.52,-0.01
94,1714127479719,-1.67,-0.20,10.12,0.53,0.34,0.10
95,1714127482822,-1.55,-1.45,10.48,0.11,-0.02,-0.05
95,1714127482923,-1.36,-1.97,10.65,0.18,-0.07,-0.07
95,1714127483024,-1.98,-1.13,10.48,0.35,0.09,0.02
95,1714127483125,-2.07,-0.72,10.67,0.06,-0.14,-0.11
95,1714127483226,-1.82,-1.07,10.54,0.08,0.02,-0.05
95,1714127483327,-1.53,-0.96,11.77,0.00,-0.13,-0.02
95,1714127484180,0.53,1.80,9.49,-0.33,0.29,-0.14
95,1714127484995,-2.39,-1.39,10.93,0.50,0.27,0.17
96,1714127488099,-1.60,-1.58,10.22,0.55,0.22,0.01
96,1714127488200,-1.89,-1.50,10.08,0.41,-0.01,0.01
96,1714127488301,-2.02,-1.19,10.64,0.38,-0.01,0.00
96,1714127488402,-1.99,-1.27,10.51,0.37,0.04,0.02
96,1714127488503,-2.11,-1.15,10.32,0.37,0.02,0.01
96,1714127488604,-2.09,-1.02,10.38,0.35,-0.00,-0.01
96,1714127488705,-2.22,-0.76,10.32,0.35,0.00,0.02
96,1714127488806,-2.33,-0.49,10.35,0.31,0.03,-0.01
96,1714127488907,-1.22,-0.95,10.92,0.19,-0.05,-0.11
96,1714127489009,-2.44,0.03,11.21,0.13,-0.05,-0.09
96,1714127489109,-1.95,-0.23,11.56,0.13,-0.11,-0.03
96,1714127489726,0.75,2.57,9.34,-0.48,0.33,-0.18
97,1714127493943,-1.68,-1.24,10.40,0.33,0.01,-0.04
97,1714127494294,-2.32,-0.35,10.92,0.03,0.01,-0.05
97,1714127494520,-1.58,0.12,12.32,0.89,-0.21,0.61
97,1714127494623,-1.14,0.26,11.15,0.84,-0.78,0.10
97,1714127494726,-0.74,0.41,10.42,0.85,-0.53,0.22
97,1714127495344,0.57,3.57,9.31,-0.13,0.15,-0.13
97,1714127495445,-0.01,3.12,9.40,-0.25,0.34,-0.15
98,1714127499657,-1.62,-1.39,10.14,0.36,0.03,-0.02
98,1714127499758,-1.55,-1.22,10.16,0.42,0.11,-0.06
98,1714127499861,-1.88,-1.02,10.25,0.38,0.12,-0.09
98,1714127499961,-2.28,-0.88,10.61,0.45,0.09,-0.07
98,1714127500063,-1.50,-0.82,12.01,0.07,-0.11,-0.04
98,1714127500165,-2.00,-0.92,12.41,0.09,0.32,0.09
98,1714127500291,-1.01,-0.38,9.92,1.00,-0.85,0.08
98,1714127501060,0.27,2.22,9.09,-0.37,0.25,-0.07
98,1714127501163,-0.03,2.74,9.45,-0.37,0.60,-0.06
98,1714127501879,-1.81,0.12,9.66,0.34,0.15,-0.04
99,1714127504985,-2.07,-0.79,10.22,0.32,0.14,-0.01
99,1714127505360,-1.79,-0.61,11.55,0.04,-0.12,-0.03
99,1714127505463,-2.97,-0.04,11.19,0.08,0.10,0.23
99,1714127505660,-2.03,0.35,12.39,0.96,-0.55,0.27
99,1714127506452,0.47,2.59,8.11,-0.34,0.52,-0.15
99,1714127507516,-2.24,-0.71,10.65,0.41,0.17,-0.03
100,1714127510622,-1.96,-1.05,10.73,0.32,0.04,-0.02
100,1714127510723,-1.67,-0.84,10.30,0.31,0.01,0.06
100,1714127510827,-2.15,-0.84,10.50,0.38,0.10,0.01
100,1714127510929,-2.10,-0.69,10.52,0.36,0.10,0.02
100,1714127511032,-1.95,-0.63,10.18,0.33,0.09,0.00
100,1714127511134,-3.07,0.71,10.97,0.11,0.03,-0.10
100,1714127511253,-1.86,0.36,12.29,1.11,-0.64,0.27
100,1714127511356,-1.84,0.54,9.97,1.09,-0.59,0.40
100,1714127512248,0.59,4.12,8.09,-0.21,0.44,-0.24
100,1714127512351,0.17,4.22,8.03,-0.26,0.40,-0.28
100,1714127512455,0.61,3.86,8.06,-0.44,0.37,-0.28
100,1714127513407,-2.08,-1.38,10.08,0.40,0.12,-0.04
